{"count": 20, "results": [{"id": 1, "name": "Ping me [<code>PHP</code>]", "description": "\\<Team IP\\>:8001", "max_attempts": 0, "value": 10, "category": "Easy", "type": "standard", "state": "visible", "requirements": "null"}, {"id": 2, "name": "Pong [<code>PHP</code>]", "description": "\\<Team IP\\>:8002", "max_attempts": 0, "value": 30, "category": "Hard", "type": "standard", "state": "visible", "requirements": "null"}, {"id": 3, "name": "Tricky Encoder [<code>PHP</code>]", "description": "\\<Team IP\\>:8003", "max_attempts": 0, "value": 10, "category": "Easy", "type": "standard", "state": "visible", "requirements": "null"}, {"id": 4, "name": "Heartattack [<code>PHP/JS</code>]", "description": "\\<Team IP\\>:8004", "max_attempts": 0, "value": 20, "category": "Medium", "type": "standard", "state": "visible", "requirements": "null"}, {"id": 5, "name": "Juggling 2 [<code>PHP</code>]", "description": "\\<Team IP\\>:8005", "max_attempts": 0, "value": 20, "category": "Medium", "type": "standard", "state": "visible", "requirements": "null"}, {"id": 6, "name": "Trojan Candy 1 [<code>PHP</code>]", "description": "\\<Team IP\\>:8006", "max_attempts": 0, "value": 10, "category": "Easy", "type": "standard", "state": "visible", "requirements": "null"}, {"id": 7, "name": "Trojan Candy 2 [<code>PHP</code>]", "description": "\\<Team IP\\>:8007", "max_attempts": 0, "value": 30, "category": "Hard", "type": "standard", "state": "visible", "requirements": "null"}, {"id": 8, "name": "Real ID 1 [<code>PHP</code>]", "description": "\\<Team IP\\>:8008", "max_attempts": 0, "value": 10, "category": "Easy", "type": "standard", "state": "visible", "requirements": "null"}, {"id": 9, "name": "Da Bug [<code>PYTHON</code>]", "description": "\\<Team IP\\>:7001", "max_attempts": 0, "value": 10, "category": "Easy", "type": "standard", "state": "visible", "requirements": "null"}, {"id": 10, "name": "Longhorn [<code>PYTHON</code>]", "description": "\\<Team IP\\>:7002", "max_attempts": 0, "value": 10, "category": "Easy", "type": "standard", "state": "visible", "requirements": "null"}, {"id": 11, "name": "Edgy Veggie [<code>JAVA</code>]", "description": "\\<Team IP\\>:7003", "max_attempts": 0, "value": 20, "category": "Medium", "type": "standard", "state": "visible", "requirements": "null"}, {"id": 12, "name": "Rocky Veggie [<code>JAVA</code>]", "description": "\\<Team IP\\>:7004", "max_attempts": 0, "value": 30, "category": "Hard", "type": "standard", "state": "visible", "requirements": "null"}, {"id": 13, "name": "Thunderstruck [<code>JAVA</code>]", "description": "\\<Team IP\\>:7005", "max_attempts": 0, "value": 30, "category": "Hard", "type": "standard", "state": "visible", "requirements": "null"}, {"id": 14, "name": "Sloth [<code>JAVA</code>]", "description": "\\<Team IP\\>:7006", "max_attempts": 0, "value": 10, "category": "Easy", "type": "standard", "state": "visible", "requirements": "null"}, {"id": 15, "name": "Firewood [<code>JAVA</code>]", "description": "\\<Team IP\\>:7007", "max_attempts": 0, "value": 20, "category": "Medium", "type": "standard", "state": "visible", "requirements": "null"}, {"id": 16, "name": "Panzer [<code>PYTHON</code>]", "description": "\\<Team IP\\>:7008", "max_attempts": 0, "value": 20, "category": "Medium", "type": "standard", "state": "visible", "requirements": "null"}, {"id": 17, "name": "Git Gud [<code>PYTHON</code>]", "description": "\\<Team IP\\>:7009", "max_attempts": 0, "value": 30, "category": "Hard", "type": "standard", "state": "visible", "requirements": "null"}, {"id": 18, "name": "Overwatch [<code>PYTHON</code>]", "description": "\\<Team IP\\>:7010", "max_attempts": 0, "value": 30, "category": "Hard", "type": "standard", "state": "visible", "requirements": "null"}, {"id": 19, "name": "Juggling 1 [<code>PHP</code>]", "description": "\\<Team IP\\>:8009", "max_attempts": 0, "value": 10, "category": "Easy", "type": "standard", "state": "visible", "requirements": "null"}, {"id": 20, "name": "Real ID 2 [<code>PHP</code>]", "description": "\\<Team IP\\>:8010", "max_attempts": 0, "value": 10, "category": "Medium", "type": "standard", "state": "visible", "requirements": "null"}], "meta": {}}