{"count": 28, "results": [{"id": 1, "type": "standard", "location": "425b134b55765d1502aba225a9c323b4/logo.jpg", "challenge_id": null, "page_id": null}, {"id": 2, "type": "challenge", "location": "f7a0e2129b02a073afdcabcd0cc577d1/challenge11.py", "challenge_id": 9, "page_id": null}, {"id": 3, "type": "challenge", "location": "b2820f0488c96dad32358501ef6162c3/challenge12.py", "challenge_id": 10, "page_id": null}, {"id": 4, "type": "challenge", "location": "9083936e100c96f347a7a342f674d41b/Challenge13.java", "challenge_id": 11, "page_id": null}, {"id": 5, "type": "challenge", "location": "6c99858ed6084d92087f39f1742775d5/Challenge14.java", "challenge_id": 12, "page_id": null}, {"id": 6, "type": "challenge", "location": "c4da0cdb2bbc5f7322347bcd8b6bc51b/Challenge15.java", "challenge_id": 13, "page_id": null}, {"id": 7, "type": "challenge", "location": "be4cbe8811a8f657cef33cab4f3248e2/Challenge16.java", "challenge_id": 14, "page_id": null}, {"id": 8, "type": "challenge", "location": "4e7cdef34c3d00f03de79ae46af1f5a5/Challenge17.java", "challenge_id": 15, "page_id": null}, {"id": 9, "type": "challenge", "location": "e1b3e4f8cae09807a524ba635cb34bee/challenge18.py", "challenge_id": 16, "page_id": null}, {"id": 10, "type": "challenge", "location": "51b74f101759abef79bd31af86d31eb2/challenge19.py", "challenge_id": 17, "page_id": null}, {"id": 11, "type": "challenge", "location": "e8fd54ca31b66417bb99ef7e6f31acfe/challenge20.py", "challenge_id": 18, "page_id": null}, {"id": 12, "type": "challenge", "location": "f1c6f35cd0d152cc3d859e7bf9900457/index.php", "challenge_id": 1, "page_id": null}, {"id": 13, "type": "challenge", "location": "8254f2e72389caaa6e3b1deed4c570c6/index.php", "challenge_id": 2, "page_id": null}, {"id": 14, "type": "challenge", "location": "bd6e8bd2395ffdc73feccb2c83d44d1b/index.php", "challenge_id": 3, "page_id": null}, {"id": 16, "type": "challenge", "location": "de74b8f2140865ea39764ea2df21152f/index.php", "challenge_id": 4, "page_id": null}, {"id": 17, "type": "challenge", "location": "fbb925bd2f26fbe17793aad3af57dac6/heartbeat.php", "challenge_id": 4, "page_id": null}, {"id": 18, "type": "challenge", "location": "1aaff34c4fce27fe0b6e4bfb014ae8ab/index.php", "challenge_id": 5, "page_id": null}, {"id": 19, "type": "challenge", "location": "b44bc7b2a398e41e4da30c43abaf8cd5/index.php", "challenge_id": 6, "page_id": null}, {"id": 20, "type": "challenge", "location": "fd15bb9f7a05f3750401c7a39cbbb1b4/gallery.php", "challenge_id": 6, "page_id": null}, {"id": 21, "type": "challenge", "location": "8cda301c32ec7e63ca55d2e58b09fdbe/index.php", "challenge_id": 7, "page_id": null}, {"id": 22, "type": "challenge", "location": "3bbbbb8af7eae605dcda85e2d5e36e83/gallery.php", "challenge_id": 7, "page_id": null}, {"id": 23, "type": "challenge", "location": "ed787fd0c75ecf8450cd0dd9170f952a/index.php", "challenge_id": 8, "page_id": null}, {"id": 24, "type": "challenge", "location": "1df9e2e57c41ec250becc3f8f174ad70/files.php", "challenge_id": 8, "page_id": null}, {"id": 25, "type": "challenge", "location": "94f95bf33ea699426b69c435f200a3b8/code.php", "challenge_id": 1, "page_id": null}, {"id": 26, "type": "challenge", "location": "0dabd562306914f7385ccc36f347846c/functions.php", "challenge_id": 3, "page_id": null}, {"id": 27, "type": "challenge", "location": "e26f724ee5e299d3dd41a4dba8d4c652/index.php", "challenge_id": 19, "page_id": null}, {"id": 28, "type": "challenge", "location": "14a14ff3a13b06bfc47b1433c90a7de3/files.php", "challenge_id": 20, "page_id": null}, {"id": 29, "type": "challenge", "location": "a87d57737a6b996273d60e05d78f548b/index.php", "challenge_id": 20, "page_id": null}], "meta": {}}