{"count": 20, "results": [{"id": 1, "challenge_id": 1, "type": "static", "content": "C71BD6A7-8041-4554-9292-F5C2BD2BDD4B", "data": "case_insensitive"}, {"id": 2, "challenge_id": 2, "type": "static", "content": "69289D89-E575-40CF-944F-9514C54BA397", "data": "case_insensitive"}, {"id": 3, "challenge_id": 3, "type": "static", "content": "BE0B3E0A-843B-45BB-B7F9-54683B1D0CC4", "data": "case_insensitive"}, {"id": 4, "challenge_id": 4, "type": "static", "content": "45DAE3D9-B6DF-4C6E-9AAF-CF504B7D96C3", "data": "case_insensitive"}, {"id": 5, "challenge_id": 5, "type": "static", "content": "ABC00617-9D4C-4C4C-AC06-21ED94B03042", "data": "case_insensitive"}, {"id": 6, "challenge_id": 6, "type": "static", "content": "67AD87D0-C2F9-443F-80D9-7A62D3C2FED9", "data": "case_insensitive"}, {"id": 7, "challenge_id": 7, "type": "static", "content": "9B08C3C9-FE30-45CA-AB77-BD8FE482A983", "data": "case_insensitive"}, {"id": 8, "challenge_id": 8, "type": "static", "content": "0C88351A-6947-4C3F-9FF2-A7C14863C379", "data": "case_insensitive"}, {"id": 9, "challenge_id": 9, "type": "static", "content": "3F9BFCE6-E271-4F9D-82DC-8835A9AE1A65", "data": "case_insensitive"}, {"id": 10, "challenge_id": 10, "type": "static", "content": "0625FBE6-4717-4AD0-802C-D3E7CF6E627E", "data": "case_insensitive"}, {"id": 11, "challenge_id": 11, "type": "static", "content": "CA741C74-A5AB-404D-A6BF-2F22A7BD94CB", "data": "case_insensitive"}, {"id": 12, "challenge_id": 12, "type": "static", "content": "1D651E93-478C-45D2-AA45-4C6CCA38455A", "data": "case_insensitive"}, {"id": 13, "challenge_id": 13, "type": "static", "content": "73F58888-FBEA-4B8A-8060-2677C34EFC86", "data": "case_insensitive"}, {"id": 14, "challenge_id": 14, "type": "static", "content": "DF40C21D-8D0F-4A20-BC4C-AE4F70F80B3B", "data": "case_insensitive"}, {"id": 15, "challenge_id": 15, "type": "static", "content": "19337F47-57BC-4591-80C9-FE1EA6E89E29", "data": "case_insensitive"}, {"id": 16, "challenge_id": 16, "type": "static", "content": "EF9F93ED-E07A-4134-9802-0A908BBBB13C", "data": "case_insensitive"}, {"id": 17, "challenge_id": 17, "type": "static", "content": "A5B5E0A2-DCF1-4D45-B5A7-332C881DBB40", "data": "case_insensitive"}, {"id": 18, "challenge_id": 18, "type": "static", "content": "AA8DD008-3053-4E57-A3CF-54202C8BC7AF", "data": "case_insensitive"}, {"id": 19, "challenge_id": 19, "type": "static", "content": "9047F718-28C0-410F-99F2-6CE6C7B6F164", "data": "case_insensitive"}, {"id": 20, "challenge_id": 20, "type": "static", "content": "011C579B-50A9-475B-B816-E676C65CCCBA", "data": "case_insensitive"}], "meta": {}}