{"count": 33, "results": [{"id": 2, "type": "standard", "challenge_id": 9, "content": "\u201cDebug\u201d functionality is left in production. Debug information can potentially reveal sensitive information, such as usernames, plugin names, full paths to config files, software versions, etc., and provide ways to interact with the remote system, bypassing normal user workflow.\r\n\r\nIn this challenge, you can request debug information, using two available commands. One of them lists the current directory and another - prints the file on the page.", "cost": 0, "requirements": "null"}, {"id": 3, "type": "standard", "challenge_id": 1, "content": "User input must be sanitized before being used in systems such as a database or syscall. \r\n\r\nhttps://www.owasp.org/index.php/Command_Injection", "cost": 0, "requirements": "null"}, {"id": 4, "type": "standard", "challenge_id": 2, "content": "Check the source for any debug or hidden code ;)", "cost": 0, "requirements": "null"}, {"id": 5, "type": "standard", "challenge_id": 3, "content": "First find out how the value gets updated and how it is tracked in your browser", "cost": 0, "requirements": "null"}, {"id": 6, "type": "standard", "challenge_id": 4, "content": "Check the source for items for which the display style is 'none' ;)", "cost": 0, "requirements": "null"}, {"id": 7, "type": "standard", "challenge_id": 5, "content": "When you use == to compare values in PHP it forces the interpreter to \"convert\" one of the values such that the comparison will make sense. \r\n\r\nThis makes it easy for programmers because they don\u2019t have to cast to a different type and can simply ask the language to determine what is best.\r\n\r\nIf you used === then PHP would also make sure that the values are of the same type before comparing so \u201c1\u201d =/= True anymore.\r\n\r\nBeginners to PHP and other type juggling languages may be unaware of this issue or the most secure way of approaching the problem of comparison when types are not specified.\r\n\r\nWhoo hoo PHP!\r\nhttps://secure.php.net/manual/en/language.operators.comparison.php\r\nhttps://secure.php.net/manual/en/language.types.type-juggling.php", "cost": 0, "requirements": "null"}, {"id": 8, "type": "standard", "challenge_id": 6, "content": "You need to see what is in the current and previous directories... now what kind of file would allow you to do that?", "cost": 0, "requirements": "null"}, {"id": 9, "type": "standard", "challenge_id": 7, "content": "This challenge improves on the previous variation by checking that the file is an image...", "cost": 0, "requirements": "null"}, {"id": 10, "type": "standard", "challenge_id": 8, "content": "This challenge allows users to download files as long as they have the proper permission to do so... It's 21st century and protecting your IDs is important!\r\n\r\nhttps://github.com/OWASP/CheatSheetSeries/blob/master/cheatsheets/Insecure_Direct_Object_Reference_Prevention_Cheat_Sheet.md", "cost": 0, "requirements": "null"}, {"id": 11, "type": "standard", "challenge_id": 10, "content": "GET parameters\u2019 range validation. Not validating user input may cause many security issues. In this case, the user can request more information from the server than the user is allowed to view, using a GET parameter \"lines\". One of the most striking examples of such vulnerabilities is a heartbleed vulnerability from 2014.", "cost": 0, "requirements": "null"}, {"id": 12, "type": "standard", "challenge_id": 11, "content": "Username trimming on save operation. This bug has previously been seen in database management systems. When the database saves the username, it trims the username, which causes the override of the previously created user if the usernames match.\r\n\r\nSo, you may just need to append something to the username \"admin\" when you register a new user.", "cost": 0, "requirements": "null"}, {"id": 13, "type": "standard", "challenge_id": 12, "content": "Username truncation and trimming on save operation. This bug has previously been seen in database management systems. When the database saves the username, it truncates and trims the username, which causes the override of the previously created user if the usernames match.\r\n\r\nSo, you may need to append something to the \"admin\" user, but this time just a whitespace will not work because the program is smarter -- it trims at a certain number of characters. What if the user is trying to register an \"admin\" that has a lot of whitespaces and then something else?", "cost": 0, "requirements": "null"}, {"id": 14, "type": "standard", "challenge_id": 13, "content": "Predictable pseudo-random number generation. Pseudo-random number generation is often used in cryptography. If the attacker can predict what seed number was used to generate a pseudo-random number, then the attacker can end up with calculating the keys necessary to decrypt the data.\r\n\r\nIn this case, your goal is to generate every possible outcome based on the password generator (which is about 20 different outcomes) and try out every one of them.", "cost": 0, "requirements": "null"}, {"id": 15, "type": "standard", "challenge_id": 14, "content": "Leaving defaults in production. When admins set up software, they often do not go through changing all default configuration settings including administrator password, cryptographic keys, initialization vectors, etc. The most known and dangerous vulnerability of this class is \u201cleaving default credentials\u201d in the Internet-connected devices like routers.\r\n\r\nThis hash is easily breakable and searchable.", "cost": 0, "requirements": "null"}, {"id": 16, "type": "standard", "challenge_id": 15, "content": "Revealing sensitive data through logs. Surprisingly, logs can reveal such information as usernames, common software issues, software versions, intrusion detection systems, etc.\r\n\r\nCheck out the log file more thoroughly, you may find your answer.", "cost": 0, "requirements": "null"}, {"id": 17, "type": "standard", "challenge_id": 16, "content": "Overriding data via an overflow on access or save operation. Most common vulnerability of this type is buffer overflow. However, overflows may happen for many other reasons and this is why developers must ensure that the user input length/range is verified before running the commands, using that input.\r\n\r\nYou can type a longer string in the IP address and knowing that, you can overwrite the admin and her password.", "cost": 0, "requirements": "null"}, {"id": 18, "type": "standard", "challenge_id": 17, "content": "Never leave sensitive information in git history. Never commit in your version control any credentials, keys, passwords, etc., because all that information can be retrieved later from the logs of git. There are tools to do this automatically (like https://github.com/dxa4481/truffleHog and https://github.com/michenriksen/gitrob).\r\n\r\nIn this challenge, you need to find a way how to view the git log. Then, figure out how to checkout a specific commit and see what is inside of it.", "cost": 0, "requirements": "null"}, {"id": 19, "type": "standard", "challenge_id": 18, "content": "Tricky linux command injection that allows to read arbitrary files. User input validation should be the first thought that comes to mind when any user input is created.\r\n\r\nNotice that LICENSE.md is available to view. So, what if you overwrite it with an output of the injected command? In Linux, you can use $(here_goes_command) to echo the output of a command.", "cost": 0, "requirements": "null"}, {"id": 20, "type": "standard", "challenge_id": 2, "content": "Try pinging a domain that doesn't exist... Notice how  all stderr is redirected to stdout and then to the screen. Use that fact in conjunction with <font color='red'><b>></b></font>", "cost": 0, "requirements": "null"}, {"id": 21, "type": "standard", "challenge_id": 4, "content": "https://www.us-cert.gov/ncas/alerts/TA14-098A\r\n\r\nSends the buffer size as well as the buffer. Server trusts the buffer size when retrieving the string from memory. The size calculation should be done on the server.\r\n\r\nCheck what data is sent and see if you can send the same data but with different parameters to request more memory.", "cost": 0, "requirements": "null"}, {"id": 22, "type": "standard", "challenge_id": 7, "content": "https://github.com/mathiasbynens/small/blob/master/png-transparent.png", "cost": 0, "requirements": "null"}, {"id": 23, "type": "standard", "challenge_id": 1, "content": "Try inserting something like <b>;ls</b>", "cost": 0, "requirements": "null"}, {"id": 24, "type": "standard", "challenge_id": 1, "content": "The programmer prevented reading of the flag file directly from Apache... Try to use a command like <b>cat</b> to read it...", "cost": 0, "requirements": "null"}, {"id": 25, "type": "standard", "challenge_id": 1, "content": "So <b>cat</b> didn't work huh?\r\n\r\nThere are plenty of other commands that you can use to bypass this restriction.... try <b>head</b>, <b>tail</b>,  or <b>cp</b>", "cost": 0, "requirements": "null"}, {"id": 26, "type": "standard", "challenge_id": 2, "content": "<font color='red'><b>&#x22;&#x3C;&#x3F;&#x70;&#x68;&#x70;&#x20;&#x70;&#x68;&#x70;&#x69;&#x6E;&#x66;&#x6F;&#x28;&#x29;&#x20;&#x3F;&#x3E;&#x22;&#x20;&#x3E;&#x20;&#x61;&#x2E;&#x70;&#x68;&#x70;</b></font>\r\n\r\n\r\nremove all newlines", "cost": 0, "requirements": "null"}, {"id": 27, "type": "standard", "challenge_id": 3, "content": "https://www.owasp.org/index.php/Top_10_2007-Insecure_Cryptographic_Storage\r\n\r\nUses home grown \u201cencryption\u201d/encoding scheme to store the points value. The programmer should have instead kept the score on the server side or use a rotating key. Maybe it is encoded in something other than base 10... or base 2", "cost": 0, "requirements": "null"}, {"id": 28, "type": "standard", "challenge_id": 5, "content": "https://www.owasp.org/images/6/6b/PHPMagicTricks-TypeJuggling.pdf\r\nLast slide has the exact vulnerable code.", "cost": 0, "requirements": "null"}, {"id": 29, "type": "standard", "challenge_id": 6, "content": "echo print_r(scandir('.'),true); \r\n", "cost": 0, "requirements": "null"}, {"id": 30, "type": "standard", "challenge_id": 7, "content": "Check out https://hexed.it/\r\nYou can open an image, inject a php code in it, and then see what happens.", "cost": 0, "requirements": "null"}, {"id": 31, "type": "standard", "challenge_id": 19, "content": "When you use == to compare values in PHP it forces the interpreter to \"convert\" one of the values such that the comparison will make sense. \r\n\r\nThis makes it easy for programmers because they don\u2019t have to cast to a different type and can simply ask the language to determine what is best.\r\n\r\nIf you used === then PHP would also make sure that the values are of the same type before comparing so \u201c1\u201d =/= True anymore.\r\n\r\nBeginners to PHP and other type juggling languages may be unaware of this issue or the most secure way of approaching the problem of comparison when types are not specified.\r\n\r\nWhoo hoo PHP!\r\nhttps://secure.php.net/manual/en/language.operators.comparison.php\r\nhttps://secure.php.net/manual/en/language.types.type-juggling.php", "cost": 0, "requirements": "null"}, {"id": 32, "type": "standard", "challenge_id": 19, "content": "5 == 05 is true", "cost": 0, "requirements": "null"}, {"id": 33, "type": "standard", "challenge_id": 20, "content": "This one is similar to Real ID 1 except the programmer decided to hide the real id values behind some sort of hash... i wonder what it could be...", "cost": 0, "requirements": "null"}, {"id": 34, "type": "standard", "challenge_id": 20, "content": "https://passwordsgenerator.net/md5-hash-generator/", "cost": 0, "requirements": "null"}], "meta": {}}