{"count": 1, "results": [{"id": 1, "title": "None", "route": "index", "content": "<div class=\"row\">\r\n    <div class=\"col-md-8 offset-md-2\">\r\n        <img class=\"w-100 mx-auto d-block\" style=\"max-width: 500px;padding: 50px;padding-top: 14vh;\" src=\"themes/core/static/img/logo.png\" />\r\n        <h3 class=\"text-center\">\r\n            <p>Welcome to Steal The Steel CTF at WiCyS 2019!</p>\r\n            <p>Upon completing this CTF, you will gain a better understanding of what it means to have security by design in your code</p>\r\n        </h3>\r\n        <br>\r\n        <h4 class=\"text-center\">\r\n            <a href=\"register\">Click here</a> to register or <a href=\"login\">here</a> to login\r\n        </h4>\r\n    </div>\r\n</div>", "draft": 0, "hidden": 0, "auth_required": 0}], "meta": {}}