{"count": 21, "results": [{"id": 1, "challenge_id": 4, "value": "php"}, {"id": 2, "challenge_id": 4, "value": "js"}, {"id": 3, "challenge_id": 9, "value": "python"}, {"id": 4, "challenge_id": 10, "value": "python"}, {"id": 5, "challenge_id": 11, "value": "java"}, {"id": 6, "challenge_id": 12, "value": "java"}, {"id": 7, "challenge_id": 13, "value": "java"}, {"id": 8, "challenge_id": 14, "value": "java"}, {"id": 9, "challenge_id": 15, "value": "java"}, {"id": 10, "challenge_id": 16, "value": "python"}, {"id": 11, "challenge_id": 17, "value": "python"}, {"id": 12, "challenge_id": 18, "value": "python"}, {"id": 13, "challenge_id": 1, "value": "php"}, {"id": 14, "challenge_id": 2, "value": "php"}, {"id": 15, "challenge_id": 3, "value": "php"}, {"id": 16, "challenge_id": 5, "value": "php"}, {"id": 17, "challenge_id": 6, "value": "php"}, {"id": 18, "challenge_id": 7, "value": "php"}, {"id": 19, "challenge_id": 8, "value": "php"}, {"id": 20, "challenge_id": 19, "value": "php"}, {"id": 21, "challenge_id": 20, "value": "php"}], "meta": {}}